label,split,id,text,full_text
sarc,sample_100,1,have you considered a career in advertising? by the way you f***ed us too.,"have you considered a career in advertising?by the way you f***ed us too. Australians troops were cannon fodder in WWI for the British Empire, remember Gallipoli?"
sarc,sample_100,2,"so you want higher teen pregnancy, more abortions and more sexually transmitted diseases?  if you are disagreeing with my statement that you want all of those lower, then you are admitting you either want them to increase or stay the same.","and your kids go to private school yes? so you want higher teen pregnancy, more abortions and more sexually transmitted diseases?  if you are disagreeing with my statement that you want all of those lower, then you are admitting you either want them to increase or stay the same. as you have railed against abortion, it would appear you're being contradictory. make up your mind. and yet they have lower rates. funny how that works.  no. in the seven years since introduction 620,000 or so european women have used it. so that's around 88,000 abortions a year. 1.2 million happen in the us annually. as the population of europe is around the same as the us, it's not a valid point. 88k to 1.2 million is nothing.  plan b isn't abortion. try me."
sarc,sample_100,3,"Well, the antichrist is going to come and make any true believer a heretic any way so what am I worried about? I knew the risks before I accept the job.","Well, the antichrist is going to come and make any true believer a heretic any way so what am I worried about? I knew the risks before I accept the job. :-)"
sarc,sample_100,4,do you know of any?  there is an old term that seems to apply 'if the shoe fits'.,"i have never heard a conservative who was pro gay let alone pro same sex marriage. do you know of any? there is an old term that seems to apply 'if the shoe fits'. please i would like to know who these conservatives are that want gay people to be able to legally marry. who are they? since as you say i speak in generalities then you should have no problem listing these pro gay or por gay marriage conservatives. just because someone believes that the government should not be in the marriage busisness, as a libertarian, doesn't mean they support gay marriage."
sarc,sample_100,5,because a lot of it might hurt me?  there's no evidence of an invisible pteratactyl behind my head about to eat my brain.,"what? why should i have to prove that anything doesn't exist? i simply don't believe anything there's no evidence for. why should i have to prove that everything there is no evidence for doesn't exist? because a lot of it might hurt me? there's no evidence of an invisible pteratactyl behind my head about to eat my brain. do i need to prove it doesn't exist?  you must have have heard about the onus being on the person making an assertion to prove it, not the other way around. i could assert there's an invisible spaceship on my lawn. it leaves no imprint on the grass and you can walk right through it. now prove it doesn't exist, archangel. go on. prove it!"
sarc,sample_100,6,"why was it so hard for you to see it?  so many anti's whine and complain and compare, but as soon as the tables are turned, it's all 'mr.","you know, bob caught the point i was making. why was it so hard for you to see it?  so many anti's whine and complain and compare, but as soon as the tables are turned, it's all 'mr. innocent' and 'i don't see the comparision.'  i see, it's ok for you to be biggoted and hateful, but not for anyone else. yup, the typical 'do as i say, not as i do' attitude. emoticonxrolleyes"
sarc,sample_100,7,"Then why do you call a politican who ran such measures liberal?  OH yes, it's because you're a republican and you're not a conservative at all.","Then why do you call a politican who ran such measures liberal? OH yes, it's because you're a republican and you're not a conservative at all."
sarc,sample_100,8,"about the same old, same old is going on now but it appears that this one may be in a great deal of difficulty?  ha, ha, ha.","aye, 'at they did and it was quite plain that they were priviledges and immunities of the people only. the packing of scotus by lincoln and later by liberal roosevelt and his hand picked crooks caused a great deal of confusion. about the same old, same old is going on now but it appears that this one may be in a great deal of difficulty? ha, ha, ha. ma, ma, where's pa? gone to the white house ha,ha, ha.(only a texan would understand that)"
sarc,sample_100,9,do you recognize that babies grow and live inside women?  address all her issues or you will fail in your endeavors.,i am looking for you to recognize that a pregnancy can't successfully happen without addressing the circumstances of the mother - whatever those may be. you can dismiss everything but health/life of the mother but i can pretty damned well assure you she won't. and whether you like it or not - the pregnancy can't succeed without her. get it? she is not a barbie you can bend to your will with law. do you see her? do you recognize that babies grow and live inside women? address all her issues or you will fail in your endeavors. oh - and i don't require your sympathy - my life is great.
sarc,sample_100,10,effectively and efficiently removing tru-believahs from the world...cause god forgot some in his rapture thingy (i forget how the logic of these events is supposed to play out...) ummm...aren't we overdue for that bloke to return already?  i'm getting antsy for the 2nd coming and all the excitement that leads up to that glorious event.,"because gc hears things all woggly. the message from god is for shepherds to tend to ignorant, mindless sheep. but, with dope-smoker ears, and american ignorance it translates into a cowboy...who rustles cattle...and heads them to a quick slaughter. it's like, when the anti-chist makes his appearance, i'll be gods slaughterman. effectively and efficiently removing tru-believahs from the world...cause god forgot some in his rapture thingy (i forget how the logic of these events is supposed to play out...) ummm...aren't we overdue for that bloke to return already? i'm getting antsy for the 2nd coming and all the excitement that leads up to that glorious event. think holding my breath will make it happen any sooner?"
sarc,sample_100,11,[rick santorum is more popular than paul???? :/ woooow.,[rick santorum is more popular than paul???? :/ woooow. this world.]
sarc,sample_100,12,"boy howdy, it is getting where you can't get a lie in sideways isn't it brady?  emoticonxkill well, it's been real brady.","boy howdy, it is getting where you can't get a lie in sideways isn't it brady? emoticonxkill well, it's been real brady. come back if you can keep from stepping on your nose. :)"
sarc,sample_100,13,"well, did making incest illegal result in women's lifes being put in jeopardy ?  because making abortion illegal sure will !","well, did making incest illegal result in women's lifes being put in jeopardy ? because making abortion illegal sure will !"
sarc,sample_100,14,can you just imagine how much more comfortable i am with the idea of the government getting into the private sector health care business?  bravo antonia.,"so in support of a government run health care program for all american citizens, you bring us an example of a government run health care program for our veterans that according to the article is failing to provide adequate care to those veterans, and consequently causing them to die. can you just imagine how much more comfortable i am with the idea of the government getting into the private sector health care business?  bravo antonia. emoticonxgood"
sarc,sample_100,15,"is it the usual double standard ?  europeans can make generalisations, but americans cannot make generalisations.","generalisations - do not europeans make huge generalisations about americans too ? is it the usual double standard ? europeans can make generalisations, but americans cannot make generalisations."
sarc,sample_100,16,Are you serious? Man I thought you actually had a brain in that dense hollow cranium of yours.,Are you serious? Man I thought you actually had a brain in that dense hollow cranium of yours. You do realize there are Straight Atheists and GAY Christians right Gans?
sarc,sample_100,17,"because if they were nothing to each other, wouldn't that mean that there is no comparison??? yet he says they are the same, which means there is a comparison... he must be retarded or i'm just confused.","'lil waynes answer: lets say youre a goon. well, whats a goon to a goblin? nothing. theyre the same thing' * eh...if they were the same thing, then wouldn't that mean that the answer should 'everything' and not 'nothing' or something along those lines? ?_? because if they were nothing to each other, wouldn't that mean that there is no comparison??? yet he says they are the same, which means there is a comparison... he must be retarded or i'm just confused."
sarc,sample_100,18,query: why do they call the followers of gush limpbutt the addict 'dittoheads'?  answer: they have no ideas of their own.,query: why do they call the followers of gush limpbutt the addict 'dittoheads'? answer: they have no ideas of their own. think gush & cindy have the same supplier?  now there's a capitalist we all can admire!!
sarc,sample_100,19,what are you going to do...make inheritence illegal?  you didn't read my answer obviously.,"oh, so business owners don't make 'real' contributions to society? whoa boy, slow down there. i didn't say that government offices should be passed down. what are you going to do...make inheritence illegal? you didn't read my answer obviously. just because people have money doesn't mean they have to share it. the government doesn't have the right to take money away from the rich and give it to the poor. so what if rich people don't give money to the poor! it's their choice. god tells us to give money to the poor, but he also gave us a free will. it's not the governments responsibility to help the poor, it's the church's responsibility."
sarc,sample_100,20,and i suppose they are also responsible for the evolution of utterly insane mental cases such as yourself?  and for electing gbii.,and i suppose they are also responsible for the evolution of utterly insane mental cases such as yourself? and for electing gbii. and for saddam hussein. and for the drought in the south currently. and for cancer and aids. and heck why stop there why not for the devil himself. all those sodomites must have become the original demons in hell i suppose.emoticonxbouncer
sarc,sample_100,21,"WW, are you talking to yourself?  If not, then please learn how to attribute statements to the person who made them.","WW, are you talking to yourself?If not, then please learn how to attribute statements to the person who made them."
sarc,sample_100,22,"got a scripture where he says gay sex sin suddenly became a righteous endeavor?  obviously you have created a carnal, iniquity-loving jesus that's different than the jesus of the bible.","is this the pro-sodomite woman talking here? where does it say in the bible that defending carnal iniquity and sodomy makes one feel squeaky clean like you claim to be?  where does jesus then say that defending carnal iniquity and sodomy is something that he and god approve of? obviously you have created a carnal, iniquity-loving jesus that's different than the jesus of the bible. one more time now, preppy: where does jesus say that defending carnal iniquity and sodomy is something that he and god approve of? got a scripture where he says gay sex sin suddenly became a righteous endeavor? obviously you have created a carnal, iniquity-loving jesus that's different than the jesus of the bible. so go preach that trash to someone who's buying it."
sarc,sample_100,23,"oh, that's right, you are free to criticize the gay rights movement all you want, but when anyone dares to criticize you and your motives it's a whole new ball game?  actually it is.","no, it's pertinent to the behavior of some homoseuxals. not all.  no, it's not the article we have a problem with, it's the person who posted it. you!  oh, that's right, you are free to criticize the gay rights movement all you want, but when anyone dares to criticize you and your motives it's a whole new ball game?  actually it is. why did you ignore my post? i responded with other 'sexual health' related articles, but i see you ignored them...they are reality as well.  honey, your religious beliefs wouldn't be of issue if they did not directly oppose our movement to gain equal access to rights. duh!"
sarc,sample_100,24,isn't this perfect? you have the chance to beat the atheists.,"reform? you're the one who's wrong. why don't you got perform the test? you already know it'll fail.  that's the only reason you wouldn't do it. don't test god? ha. elijah did, and he murdered everyone there after. i'm sure that god will forgive you for testing him as long as you don't murder the witnesses. your religion is insane and corrupted and purely evil, and you don't even have the courage to test it. i hope you reform. this topic is perfect. this is the best topic, perhaps. a direct test, as shown in the bible for a christian to perform to prove his or her god. isn't this perfect? you have the chance to beat the atheists. but you won't take it because you're full of shit. you're wrong."
sarc,sample_100,25,"Some cheap detective novel or something?  Once again, my sincerest apologies.","Where did you here this XXXX?Some cheap detective novel or something?Once again, my sincerest apologies."
sarc,sample_100,26,"And you claim to be a ""scientist by profession""??? LOLOLOLOL!","You assume homosexuality is a ""choice"", with no evidence substantiating that position, until you have been shown evidence that it is genetic???And you claim to be a ""scientist by profession""???LOLOLOLOL!While you're at it, maybe you can explain to us what a ""unconscious choice"" is..."
sarc,sample_100,27,"so then why bother banning them?  using a $300,000 gun to shoot someone is like hit and run in a bright red ferrari in a busy intersection, the cops are going to find you.","boy $346,000? i can think of a few $300,000 firearms in existance today. if anyone of them every shot and killed a person, boy it would be sooooo easy to trace it down. so then why bother banning them? using a $300,000 gun to shoot someone is like hit and run in a bright red ferrari in a busy intersection, the cops are going to find you."
sarc,sample_100,28,"so if someone is on disability, that is bad? pfft !","so if someone is on disability, that is bad? pfft !"
sarc,sample_100,29,"make your kids drink real energy drinks, that give real energy and tastes amazing .. what's it called?? ah yeah..","redbull can be very very damaging to your body if you drink it in large amounts oh no, too much of something can kill. we better stop eating food all together since overeating can cause health problems as well. make your kids drink real energy drinks, that give real energy and tastes amazing .. what's it called?? ah yeah.. juice!!!! going off the first statement you should know. juice has acids and natural sugars in them that in too high quantities can cause issues with your stomach acid. also the acid in the juice itself destroys enamel. i hope you don't take this tone offensively i'm just pointing out the flaw with this kind of thinking."
sarc,sample_100,30,how can they not just love us in iraq?  everything is just peaches and cream!,"how can they not just love us in iraq? everything is just peaches and cream! don't worry, be happy.emoticonxkill  <snip> http://www.msnbc.msn.com/id/10681158/"
sarc,sample_100,31,"under what bridge? well, i'll be extra sure to vote to cancel out your vote for dingle-barry.","stfu! you live in ohio? under what bridge? well, i'll be extra sure to vote to cancel out your vote for dingle-barry."
sarc,sample_100,32,"how about president bush or vp chaney?  having experienced some of your and brady's vitriol tirades, i think we all know the answer to that one.","my sentiments belong right about here.   enraged by health reform, man threatens to kill murray  i am reminded of 'let he who is without sin, cast the first stone.'  so simone. have you ever wished one of us dead? maybe a congressman or a senator? how about president bush or vp chaney?  having experienced some of your and brady's vitriol tirades, i think we all know the answer to that one. the difference is, that, you didn't get caught! emoticonxsmilie"
sarc,sample_100,33,"you love making debates really boring and dry don't you? alright, here's the wikipedia definition: perhaps if you actually read my response you would have seen that i said i do not need a definition for theft.","you love making debates really boring and dry don't you? alright, here's the wikipedia definition: perhaps if you actually read my response you would have seen that i said i do not need a definition for theft. pay attention next time.  the irs taking money that someone else earned and giving it to someone else who didn't earn it is theft.  i see you didn't answer my question. do you have a source?"
sarc,sample_100,34,"just because an admin hasnt noticed, that means you are right?  boy, thats some thinking right there.","just because an admin hasnt noticed, that means you are right? boy, thats some thinking right there. chill out. we can have a civilized debate, or we can try to act like were in 8th grade gym class. your choice."
sarc,sample_100,35,"besides engaging in infanticide, do you know what's wrong with your liberal mentality?  you've slaughtered a whole generation of future scientists, teachers, and taxpayers - the latter in sufficient numbers that they would have been able to fund your invasive obamacare in its entirety, along with other nanny-state entitlement programs.","uh huh. you prefer to be left alone so you can butcher all the unborn babies you want. besides engaging in infanticide, do you know what's wrong with your liberal mentality? you've slaughtered a whole generation of future scientists, teachers, and taxpayers - the latter in sufficient numbers that they would have been able to fund your invasive obamacare in its entirety, along with other nanny-state entitlement programs. turkeys. you losers ought to be caned and deported."
sarc,sample_100,36,"so nails+cross=jesus's death, but my .357 can't kill'm? sounds like some demon biz.","so nails+cross=jesus's death, but my .357 can't kill'm? sounds like some demon biz. who was jesus really?  hmmmm..."
sarc,sample_100,37,So we have the bill of rights which can't be repealed but Article V which was repealed meaning all the amendments we had are unconstitutional? You've really lost it haven't you.,I find it funny you think Article V was repealed yet the bill of rights references Article V for passage. So we have the bill of rights which can't be repealed but Article V which was repealed meaning all the amendments we had are unconstitutional? You've really lost it haven't you.
sarc,sample_100,38,should your car have rights?  you pay a tax for it.,"why would you think such an absurd concept. corporations don't cast a vote in an election do they? why not?  does a corporation have a mind of it's own that it may look to it's interests in it's attempts to influence legislation? no, it permits individuals to overcome finance laws and exercise greater influence than is normally permitted for an individual. should your car have rights? you pay a tax for it. how about your house? pay a tax for that also every year."
sarc,sample_100,39,can't you let go about what other people do and just live your own life?  i suppose not because your own life must be so miserable and stale you feel you need to butt heads with anyone who has a slightly more enjoyable life than you do.,"and taking a stand against the wickedness of religion isn't either. one difference however is we whom do don't base our motivation and reasoning on myths and fairy tales. oh please... grow up. can't you let go about what other people do and just live your own life? i suppose not because your own life must be so miserable and stale you feel you need to butt heads with anyone who has a slightly more enjoyable life than you do. lol. who are you? the westboro jimmy cricket? i love how you toss in politics that your side can do no wrong, and is incapable of it until black bold letter stare back at you in the paper saying just how messed up and hypocritical you on the fringe right truly are."
sarc,sample_100,40,since when is the us the mommy and daddy for other countries? oh yeah.,since when is the us the mommy and daddy for other countries? oh yeah. ever since wwi
sarc,sample_100,41,really!?!?! that high!?!?!,really!?!?! that high!?!?! wow!!!! cool!!!! do you think i beat out larry the cable guy ;)
sarc,sample_100,42,how about the revolutionary war?  that bad ol' george washington.,why aren't the iraqi's who killed them held responsible? do you currently hold john kennedy responsible for the deaths in vietnam? what about korea? who was responsible for the deaths there? wwii? how about the revolutionary war?  that bad ol' george washington. killin' all those poor colonists.
sarc,sample_100,43,"Whose culture are we talking about, here? I thought I was a member of the culture.","Whose culture are we talking about, here?I thought I was a member of the culture. What am I, chopped liver?"
sarc,sample_100,44,how many times is religion mentioned?  you failed at the first test.,"'we the people of the united states, in order to form a more perfect union, establish justice, insure domestic tranquility, provide for the common defence,[1] promote the general welfare, and secure the blessings of liberty to ourselves and our posterity, do ordain and establish this constitution for the united states of america.' there you go, easy and archy. that's the only part that matters when it comes to the purpose for the founding of this country. notice that it it based on the authority of 'we the people'. it doesn't say, 'in the name of jesus.' perhaps you either of you can tell me how many times god is mentioned? how many times is jesus mentioned? how many times is religion mentioned? you failed at the first test. can you do better at the second?"
sarc,sample_100,45,the uncontroversial evidence you gave was what again? then we can talk and i'm sure you'll still be about as obtuse as ever...,"you have yet to give any evidence that is not assuming for a controversial philosophy hello, pot. this is kettle. you're black! (have a tu quoque and a smile) is acceptance of biblical literalism uncontroversial? do you expect only completely uncontroversial positions on a debate site? the uncontroversial evidence you gave was what again? then we can talk and i'm sure you'll still be about as obtuse as ever..."
sarc,sample_100,46,miss interpretations ? .. ha !!,'when christians began to look at satan and hell outside of an allegorical perspective' ..... ha !! you're funny ... luke 16:19-31 http://dadmansabode.com/forum/viewtopic.php?p=122#p122  << no allgorie here . . . miss interpretations ? .. ha !! what a joke
sarc,sample_100,47,"after all, the enemy of your enemy is your friend, right?  see, marc, when your logic is as asinine as this, it can 'show' anything.","so the terrorists have been funneling perfectly good bomb money into american politics to help the democrats get elected, right mr. conspiracy theorist? i suppose the terrorists are planting bogus information so that those awful news reporters will lie to the american people, too? (oh, wait, that's the bush administration doing that, not the terrorists...) if you hate me, and i hate terrorists, don't you see any possible way that the 21st century communications (news reporting and money transfer) could cause terrorists to benefit you? after all, the enemy of your enemy is your friend, right? see, marc, when your logic is as asinine as this, it can 'show' anything. neat how democrats are all now atheists. but then, according to marc, so are catholics, jews, muslims, mormons..."
sarc,sample_100,48,ever heard about mathematics or physics? the true ignorance is that you can't prove i'm wrong you are mistaking on whos side is the burial of proof.,"that's because that is all you can comprehend. do you think people knew that there was weightlessness in space before going up there (or sending something up there)? no. it was beyond their comprehension, until they were able to personally observe it. yes people know for centuries that there is a 'weightlessness' in space. ever heard about mathematics or physics? the true ignorance is that you can't prove i'm wrong you are mistaking on whos side is the burial of proof. the god/s, wizard, invisible pink unicorn, diety,...etc is your idea, your burden of proof. so you have to have excellent argument for it. not just any ordinary argument from ignorance."
sarc,sample_100,49,sarah effing palin...of all people...you pick the worst mother... is she even a feminist?  she seems far too stupid.,exactly. and you use this example to display how feminists are bad mothers. sarah effing palin...of all people...you pick the worst mother... is she even a feminist? she seems far too stupid. edit: just because a woman is serious about her career doesnt mean shes a feminist.
sarc,sample_100,50,"So, you see the UN and other extra-British authorities as being better than the UK's? The sun sure does set on the British Empire nowadays.","So, you see the UN and other extra-British authorities as being better than the UK's? The sun sure does set on the British Empire nowadays. emoticonXWow"
argue,sample_100,51,don't you see the foolishness of that based on your own personal life experiences as a sentient human being?  no.,"don't you see the foolishness of that based on your own personal life experiences as a sentient human being? no. you were the one who posted that something does not need to be sentient in order to be alive. why, then, do you distinguish between two things that are obviously both alive, both of which are parasites on their hosts?"
argue,sample_100,52,When did abortion become popular? The industrial revolution occurred in the 1800s.,Evolution wasn't introduced until 1859. When did abortion become popular? The industrial revolution occurred in the 1800s. Maybe that was the cause of abortion's alleged popularity. Grover Cleveland was elected in the 1800s. Clearly he had something to 
argue,sample_100,53,"sundowner, have you seen the life of david gale?  if not, i suggest you watch it; it might change your view.","true dat. sundowner, have you seen the life of david gale? if not, i suggest you watch it; it might change your view."
argue,sample_100,54,how is my being able to adopt as a gay man infringing upon you in any way?  we are asking for the same things heterosexuals take for granted every day.,"how is our wish and demands for equality forcing our views on you? how is my marriage to a man infringing upon you in any way? how is me being protected from being fired because i am gay infinging upon you in any way? how is my being able to adopt as a gay man infringing upon you in any way? we are asking for the same things heterosexuals take for granted every day. religious groups are trying to stop that equilaty drive by imposing their sick evil religious views though the law. if something effects my life it is being forced upon me if something does not effect your life it is not being forced on you. btw i am still waiting for a copy of this agenda. the religious tight christonazi oganizations, such as afa seem to believe there is one. please i want a copy."
argue,sample_100,55,"So everyone thinks that ""evolutionists"" should seize power or something?  If that is true, it is because evolution is very widely accepted.","So everyone thinks that ""evolutionists"" should seize power or something? If that is true, it is because evolution is very widely accepted."
argue,sample_100,56,did i misunderstood the question? if i did i beg your pardon but as i told you before i really lack the skills to talk a correct english.,oh so you believe that the first generation of eggs from the first chicken would be considered a real chicken egg? yeah youre right on that view. but if i understood correctly were trying to figure out if the chicken came first or the egg. not necessarely a chicken egg. but the animal inside that egg.  did i misunderstood the question? if i did i beg your pardon but as i told you before i really lack the skills to talk a correct english.
argue,sample_100,57,"So we shouldn't treat people equally?? However Clive, we are talking about the Roe vs Wade case here..","So we shouldn't treat people equally??  However Clive, we are talking about the Roe vs Wade case here.. I know they didnt have that in good ol' GB. It was the case that in a sense legalized abortion. My claim is that the court case was illegal regardles"
argue,sample_100,58,Why do you oppose gay marriage? The traditional definition of marriage is as a contract for the purchase of a bride.,Why do you oppose gay marriage? The traditional definition of marriage is as a contract for the purchase of a bride. The wedding is what is sacred. What you are doing is no different than those who opposed marriage betwen people of different races or beliefs as well. You have no valid reason to oppose it either.
argue,sample_100,59,And what is your point about weapons/guns? I don't get it.,"Welcome back! Going to stick around for a while to debate the issues? I hope so. Let's see. How am I going to stop the employee. Hmmm...perhaps proper pre-employment screening, proper security screening for all airport employees as they come to work, random surveilance of airport employees, tougher penalties for those commiting such crimes...etc. There are many ways to do this. Remember that no security measures are perfect. We will never be safe, only safer.And what is your point about weapons/guns? I don't get it."
argue,sample_100,60,why would you want to keep people under control?  to prevent them from harming other people.,"i think you're missing the point. why would you want to keep people under control? to prevent them from harming other people. the men who created the commandments and the bible i believe had good intentions. they wanted to give people a reason to live their lives well, and the bible was the best and most intelligent thinking of the time (not modern, ancient). it was a good idea, however people started looking past the 'love thy neighbor' stuff and started focusing on unimportant things like homosexuality and abortion. so, my question is why is homosexuality a sin?"
argue,sample_100,61,And from this we are to infer that Leakey doubts human evolution? There is by now a huge variety of fossil hominids.,"And from this we are to infer that Leakey doubts human evolution? There is by now a huge variety of fossil hominids. If Leakey was admitting that it was difficult to be certain which were or were not directly ancestral to modern humans, this is no more th"
argue,sample_100,62,"all the others are open to challenge, otherwise how do you explain: john wycliff martin luther thomas moore thomas cromwell oliver cromwell george fox john wesley charles darwin helda camara need any more?  all believers, all christians in fact, all challenged one or more of your list.","challenge god i'll accept. all the others are open to challenge, otherwise how do you explain: john wycliff martin luther thomas moore thomas cromwell oliver cromwell george fox john wesley charles darwin helda camara need any more? all believers, all christians in fact, all challenged one or more of your list. the history of the church is one of continual attempts to move closer to god, disrupted by human failings."
argue,sample_100,63,"where has it changed?  in fact, each post i've made is an affirmation of the one before it.","backpedaling? how's that? my original answer is that it's wrong to force children to have sex with old men. that is my answer still. where has it changed? in fact, each post i've made is an affirmation of the one before it. how is that backpedaling? there are absolute goods and evils. that is, there are certain things that are good or bad. how is that saying something different? certain things are bad. period. just like certain things are wrong, no matter how many people think that they aren't wrong. period. is that clear enough for you? i hope so because that's what i've been saying all along and you'd have to be high to think i've changed my position."
argue,sample_100,64,"Well, where do you get your beliefs about right and wrong from?  I mean, I know that you have moral standards and are most likely an ethical person.","Well, where do you get your beliefs about right and wrong from? I mean, I know that you have moral standards and are most likely an ethical person.   Sandycane does have a point in her previous message to you. It is just that I think that the main point"
argue,sample_100,65,"most of the money from the middle class?  no, not at all.","the top 10% of people in this country pay 67% of the taxes. most of the money from the middle class? no, not at all."
argue,sample_100,66,i'm asking you who you say jesus is?  this is basic confession of christ.,"howard, i didn't ask who jesus believed or said he was. i'm asking you who you say jesus is? this is basic confession of christ. jesus even asked his disciples. who do you say jesus christ is? the long awaited jewish messiah? your resurrected savior for the remission of your sins? the great god and savior (2 peter 1:1)? simple yes's or no's will suffice."
argue,sample_100,67,why is it that they are the most passionate defenders of glbt people?  there are black gay people who suffered along with the straight black people.,"'if it's beside the point' the why bring it up, jyoshu. why 'talk out of both sides of your mouth'?  and your right wing talking points are stale and tired. comparing different civil rights movements is not 'piggybacking'. and incidentally, why is it that all of the blacks in congress for equal rights for glbt people? why is it that they are the most passionate defenders of glbt people? there are black gay people who suffered along with the straight black people. there are female gay people that suffered along with the women. on top of such discrimination, gay people may have had no family support. some were probably lobotomized against their wishes. some were raped, some were probably murdered by people they thought would understand what discrimination was all about. no, my friend. it is disingenuous to say with certainty that you know they have not."
argue,sample_100,68,"why?  blacks and homosexuals are two different classes, unless you are a black gay.","religion is nothing but a choice but is constitutionally protected. why? blacks and homosexuals are two different classes, unless you are a black gay. it is the way each class is treated that is the same. coservative christians view gay people in the same way as the white supremacists view black people. the more religion attacks gay people and our civil rights the more i am begining to believe that the romans had the right idea to rid the world of such filth."
argue,sample_100,69,i see alot of links to videos on this thread?  but here's one that grabs my attention.,i see alot of links to videos on this thread? but here's one that grabs my attention. i'm sure that this will shed some light on the issue.
argue,sample_100,70,"If a teacher teaches 'the controversey' correctly, and lays out the facts and let's kids decide for themselves (is that done for ANY subject? ), certainly, the most indoctrinated will say creation wins.","Indeed.  If a teacher teaches 'the controversey' correctly, and lays out the facts and let's kids decide for themselves (is that done for ANY subject?), certainly, the most indoctrinated will say creation wins. But what about the open-minded? What about"
argue,sample_100,71,"doesn't sound like such a swingin good time ey what?  but don't take my word for it, go down to the library and read pg 502.  i stand by my previous thesis.","there is plenty of evidence on what kind of marriage the clintons have. i am not making this up out of whole cloth, i am referring to the jr. senator's own words in her memoir 'living history': hillary rodham clinton felt 'dumbfounded, heartbroken and outraged' when she learned of the affair and said that she could 'hardly breathe' when she learned the rumors of the affair were true. 'gulping for air, i started crying and yelling at him: 'what do you mean? why did you lie to me?' mrs clinton writes.  doesn't sound like such a swingin good time ey what? but don't take my word for it, go down to the library and read pg 502.  i stand by my previous thesis."
argue,sample_100,72,does the military have a position on this or have any data to show it helps or hurts something?  really that is what it should come down to.,does the military have a position on this or have any data to show it helps or hurts something? really that is what it should come down to.
argue,sample_100,73,How often do you actually use your health insurance? I use mine very rarely (not at all in the last year).,"Maybe you are having trouble with the concept of ""low premium, high deductible"". That means the monthly payments (premiums) are low, and the deductible is higher (cost you actually pay for services). This shouldn't be a problem. How often do you actually use your health insurance? I use mine very rarely (not at all in the last year). It appears that what Bush is trying to do is get insurance coverage to low income folks without a multi trillion dollar price tag (like kerrys plan carries). This isn't a bad thing, and I am not even a bush supporter."
argue,sample_100,74,"and it will make the person be thankful for life itself, so if i spend my life rescuing orphans and then get cancer i should be thankful? bad people have good thing happen to them because everyone needs a chance to become good again, good things happening to bad people does not make them good.","everything that happens in life is a lessonn to learn from, to grow from, what lesson do you learn from your own death? if someone is doing too much good, something bad has to happen because its balance, conjecture.  and it will make the person be thankful for life itself, so if i spend my life rescuing orphans and then get cancer i should be thankful? bad people have good thing happen to them because everyone needs a chance to become good again, good things happening to bad people does not make them good."
argue,sample_100,75,How do you know square circles do not exist? Modern man could've named a square circle something different than it is.,"How do you know square circles do not exist? Modern man could've named a square circle something different than it is. Ancient man could've called an object a square circle. For a question like that, you would have to search the universe to be 100% sure s"
argue,sample_100,76,"based on what?  you admit there were 800,000 abortions performed in 1973 but yet if you dared to check the fertility rate between 1972 to 1973 it is nearly static; meaning there were just as many people giving birth before and after roe.","based on what? you admit there were 800,000 abortions performed in 1973 but yet if you dared to check the fertility rate between 1972 to 1973 it is nearly static; meaning there were just as many people giving birth before and after roe. surely, 800,000 potential births being aborted would have cut the fertility rate sharpely but it didn't.  you don't have to be a rocket-scientist to speculate what this means; that just as many women were having abortions between 1972 - 1973 and roe v wade only changed who was performing these abortions...not whether people were having them or not."
argue,sample_100,77,why do you assume we are in favor of that?  i do not see anyone saying that.,[quote=aussieseek.com] so to all the posters here i ask the question. why are you in favour of people with mental problems owning guns.? [quote] that is one heck of an assertion for a newbie. why do you assume we are in favor of that? i do not see anyone saying that. ef
argue,sample_100,78,i made an observation that gun free zones don't work verstanden sie?  you need to prove they do if you don't agree.,no i sure don't need to. i made an observation that gun free zones don't work verstanden sie? you need to prove they do if you don't agree. the shooter sure knew there wouldn't be any firearms around from his military experience. it is quite evident to anyone with an iq above room temp who he bore a grudge against. try again slim.
argue,sample_100,79,"can you look at hitler's answers and see if those would fit better? because i really don't think they do, but i'm not sure.","can you look at hitler's answers and see if those would fit better? because i really don't think they do, but i'm not sure. i doubt the noun of traslate is translator."
argue,sample_100,80,"and how is it a red herring?  bearing in mind that forcing one person to harm themselves physically for another is illegal in the us, it's illogical to make this rule apply only to pregnant women.","and how is it a red herring? bearing in mind that forcing one person to harm themselves physically for another is illegal in the us, it's illogical to make this rule apply only to pregnant women. as pregnancy is always harmful, the woman cannot be forced by law to go through it even if you think a zef is a baby."
argue,sample_100,81,Why put the tree there in the first place? If you have children you do not put candy in front of them then tell them not to touch without explaining to the consequences that they can not understand.,Once again you reveal a cruel God who creates people then puts a tree there and tells them not to touch it. Why put the tree there in the first place? If you have children you do not put candy in front of them then tell them not to touch without explaining to the consequences that they can not understand. You put the candy up and out of sight.
argue,sample_100,82,"no? oh, well then i guess that's where the difference is.","are you saying that allowing marriages between a white person and a black person has diminished the 'uniqueness and sacredness' of marriages between two white people? no. what i meant was that there are cultural and societal factors to consider in regard to people of different races. they can cause complications in marriages.  also, i really thought the slippery slope argument had been put to bed. are inanimate objects and animals considered adult citizens, capable of granting informed consent to relationships? no? oh, well then i guess that's where the difference is. for a long time the definition was one man and one woman, and no one saw that changing either."
argue,sample_100,83,which ones and how so?  i am curious because your saying using the same reasoning different conclusions are reached.,which ones and how so? i am curious because your saying using the same reasoning different conclusions are reached. maybe the reasoning is not the same
argue,sample_100,84,Is this selfish? The idea of an after life is merely an extension of this same idea.,I don't that it's selfish so much as self-interested. There is a difference. Most people want to live a long life. Is this selfish? The idea of an after life is merely an extension of this same idea.Why do you think belief in an afterlife leads to contempt for society?
argue,sample_100,85,really? he judged and the bible says not to judge.,what if they are the real christian because they know smoking weed is wrong? dude. really? he judged and the bible says not to judge. common dude. what if the person who made the debate is the false christian and actually is going to hell okay. whatever dude.
argue,sample_100,86,how do you mean?  i'm not aware of any deceptions thus far.,"you didn't prove anything. you just explained why it could be false or said it didn't matter. emoticonxrolleyes  'we've seen all of those things, and guess what, they weren't exactly as claimed. it was another american deception. another lie exposed.' how do you mean? i'm not aware of any deceptions thus far."
argue,sample_100,87,"What's been avoided?  Even if we saw video of the milk disappearing, we'd likely wonder about the authenticity of the tape.","You asked if I believed it. I answered. I just didnt check a yes or no box. Whats been avoided?Even if we saw video of the milk disappearing, wed likely wonder about the authenticity of the tape. Likewise, even if I could produce a 2000year old video of a resurrection it would be suspect and subject to disbelief.My point was that my disbelief that their miracle happened does not drive me to criticize them, and I see no reason for disbelief in the resurrection to generate criticism of Christians."
argue,sample_100,88,"So what if he dislikes science?  If he believes something else, he has the right to believe that way.","So what if he dislikes science? If he believes something else, he has the right to believe that way. My problem here is that he shows more closed-mindedness to the viewpoints of others."
argue,sample_100,89,"some big claims, can you provide some substance to them, in other words can you back this up with some data?  that doesn't come from some christian baised study.","do you have any evidence of this that doean't come from a biased christian website? so here is where you are saying nanny, nannie, poo,poo my straight realtionship is better than your gay relationship. how? some big claims, can you provide some substance to them, in other words can you back this up with some data? that doesn't come from some christian baised study."
argue,sample_100,90,how do i know this is the proper interpretation? the next sentence  or prohibiting the free exercise thereof.,'congress shall make no law respecting an establishment of religion' translation-you don't have to follow a certain religion. how do i know this is the proper interpretation? the next sentence  or prohibiting the free exercise thereof. do i think congress should have an established religion? no. do i think ridiculing members of government making desicions based upon religious background is wrong? yes. do i think the army removing chaplains from the military before they recieved bad press is wrong? yes. do i think schools being forced to take the down the ten commandments (which most people follow recognizing it as it or not) is wrong? yes. why do i think this? because it prohibits the free exercise thereof.
argue,sample_100,91,did you read the artical?  to show our children that they are no different then any other.,did you read the artical? to show our children that they are no different then any other.
argue,sample_100,92,"So what?  That means in a firefight with police, the criminal will run out of ammunition in a matter of seconds and be ripe for the picking.","So what? That means in a firefight with police, the criminal will run out of ammunition in a matter of seconds and be ripe for the picking."
argue,sample_100,93,"to stop killing, we will kill the killers that's about as rational as saying: to show that alcohol is dangerous, the entire police force have become alcoholics you see the flaw? besides, death row is more expensive per person than life imprisonment.","what will you do then? i would probably cry, have a breakdown, shit and piss myself at the same time. after that, i would call the police and give them my statement about the crime. i would then wait for the legal system to put the criminals in court, and watch them get sentenced to life imprisonment. won't have a desire to kill them?  nope. i have no desire to kill anyone, especially reciprocal killing. again, this is why i see the death penalty as a ridiculous fallacy.  to stop killing, we will kill the killers that's about as rational as saying: to show that alcohol is dangerous, the entire police force have become alcoholics you see the flaw? besides, death row is more expensive per person than life imprisonment. and we have no reason to believe that the death penalty is a worse fate than life imprisonment."
argue,sample_100,94,you are saying he literally wants no one to acknowledge homosexual relationships?  that seems hard to believe given what he's said.,"it is significant but if you would read my post again you will see i said no moral significance. since we have been through this before i trust you remember that i am an objectivist and don't believe morality is defined by how many people believe what anymore than scientific facts are or more than 'how could so many people be wrong' is good argument for religion. where is it written? oh and that is not my definition of morality, that is the sickly delusion of subjectivism. few things are more based on reality than morality. you are saying he literally wants no one to acknowledge homosexual relationships? that seems hard to believe given what he's said. and morality as well i assure you."
argue,sample_100,95,"i said it really is--what else would you call it if the instution as we know would be done away with?  the evidence is that if the institution as we know it is done away with for something else, it will no be there anymore.","now you are just playing games. you claimed the institution isn't being harmed. i said it really is--what else would you call it if the instution as we know would be done away with? the evidence is that if the institution as we know it is done away with for something else, it will no be there anymore. that's how it's harmed. if marriage is opened up to change everytime a group with a different sort of relationship comes along wanting it to be redefined, it would become something much more open-ended, broadened to meaninglessness. if that's not damage to an institution, i don't know what is."
argue,sample_100,96,what about evolution has been observed?  i think it has been more theorized (if thats a word) then anything else.,what about evolution has been observed?  i think it has been more theorized (if thats a word) then anything else. creating theories for theories and so on.
argue,sample_100,97,"Were they able to show a previously non-existing code that mutated on a gene somewhere and created this new enzyme activity?  It sounds to me that this ""new"" enzymatic activity came from non-coding dna switching on a gene to produce it.","Were they able to show a previously non-existing code that mutated on a gene somewhere and created this new enzyme activity?  It sounds to me that this ""new"" enzymatic activity came from non-coding dna switching on a gene to produce it. That is what one "
argue,sample_100,98,And guess what? Sweat glands have nerve connections to the hypothalamus...,"What issues? You drivel on about breasts forming on lizards (even though the most primitive milk secretors we have today don't have anatomically distinct mammary glands, and the earliest mammals evolved from reptiles not remotely like lizards), then triumphantly crown your straw man with what you seem to think is a knock-down point about nerve connections.Yes, SS, the most primitive milk-secreting structures we know are modified sweat glands; your incredulity does not alter that fact one iota. And guess what? Sweat glands have nerve connections to the hypothalamus..."
argue,sample_100,99,i would be perfectly justified in killing infants if the alternative is to have them watch their parents be murdered? im not sure why this is true as any of the above would be considered evil if they were committed in the real world.,so i would be perfectly justified in killing infants if they were to grow up to be raised by villains? i would be perfectly justified in killing infants if they were to suffer without someone to care for them? i would be perfectly justified in killing infants if the alternative is to have them watch their parents be murdered? im not sure why this is true as any of the above would be considered evil if they were committed in the real world.
argue,sample_100,100,"what's his name, if you don't mind my asking?  i've got friends in illinois who would appreciate knowing about this, if they're in his district.","it's a pretty obvious counter question, i'm surprised it caught him so off guard. what's his name, if you don't mind my asking? i've got friends in illinois who would appreciate knowing about this, if they're in his district."